,mean,std
age,25.224702495028023,16.5060231959495
wt,52.71163396311697,18.764025997598168
ht,1.5607301844151147,0.2363433208677918
sex_m,0.0,1.0
sex_f,0.0,1.0
