,mean,std
age,25.165962664979208,16.524283316870555
wt,52.57150723196529,18.870181436831512
ht,1.5588527119869824,0.24031064084249001
sex_m,0.0,1.0
sex_f,0.0,1.0
