,mean,std
age,25.18238222318652,16.50629742524506
weight,52.72929999276777,18.871266648769975
height,1.5602844290156939,0.2387457389911169
sex_m,0.0,1.0
sex_f,0.0,1.0
